{"nodes":{"node:1":{"location":{"x":85,"y":31}},"node:5":{"location":{"x":599,"y":40}}},"selection":null,"view":{"scroll":{"x":73.6746978759765625,"y":0},"visible_rect":{"max":{"x":1520.8956298828125,"y":782.00006103515625},"min":{"x":63.1036338806152344,"y":0}},"zoom":1.16751909255981445}}