{"nodes":{"node:1":{"location":{"x":40,"y":72}},"node:4":{"location":{"x":273,"y":27}}},"selection":null,"view":{"scroll":{"x":-126.731025695800781,"y":8.53332138061523438},"visible_rect":{"max":{"x":472.84405517578125,"y":302.95635986328125},"min":{"x":-106.197601318359375,"y":7.15072154998779297}},"zoom":1.193351149559021}}