{"nodes":{"node:1":{"location":{"x":-248,"y":-296}},"node:3":{"location":{"x":328,"y":-303}}},"selection":null,"view":{"scroll":{"x":-647.1197509765625,"y":-342.29278564453125},"visible_rect":{"max":{"x":1055.914794921875,"y":495.573883056640625},"min":{"x":-729.33905029296875,"y":-385.78253173828125}},"zoom":0.887268722057342529}}