{"nodes":{"node:1":{"location":{"x":60,"y":-78}},"node:3":{"location":{"x":495,"y":-15}}},"selection":null,"view":{"scroll":{"x":-169.874267578125,"y":-112.277252197265625},"visible_rect":{"max":{"x":1494.7757568359375,"y":707.918212890625},"min":{"x":-179.5625,"y":-118.680618286132812}},"zoom":0.946045339107513428}}