{"nodes":{"node:1":{"location":{"x":48,"y":-56}},"node:3":{"location":{"x":591,"y":-54}}},"selection":null,"view":{"scroll":{"x":-244.13214111328125,"y":-140.8216552734375},"visible_rect":{"max":{"x":1642.589111328125,"y":779.0882568359375},"min":{"x":-324.4754638671875,"y":-187.165725708007812}},"zoom":0.752390146255493164}}