{"nodes":{"node:1":{"location":{"x":72,"y":6}},"node:5":{"location":{"x":401,"y":-104}}},"selection":null,"view":{"scroll":{"x":-95.0918807983398438,"y":-125.773391723632812},"visible_rect":{"max":{"x":1404.942138671875,"y":707.9180908203125},"min":{"x":-89.7292404174804688,"y":-118.68048095703125}},"zoom":1.05976474285125732}}