{"nodes":{"node:1":{"location":{"x":120,"y":51}}},"selection":null,"view":{"scroll":{"x":-13.2675466537475586,"y":-5.07115793228149414},"visible_rect":{"max":{"x":1603.989013671875,"y":799.5054931640625},"min":{"x":-13.5484552383422852,"y":-5.17852783203125}},"zoom":0.979266345500946045}}