{"nodes":{"node:1":{"location":{"x":120,"y":51}}},"selection":null,"view":{"scroll":{"x":-19.1969509124755859,"y":-5.03254556655883789},"visible_rect":{"max":{"x":1610.1944580078125,"y":799.5054931640625},"min":{"x":-19.7538089752197266,"y":-5.17852783203125}},"zoom":0.971810042858123779}}