{"nodes":{"node:1":{"location":{"x":155,"y":97}}},"selection":null,"view":{"scroll":{"x":128.106033325195312,"y":78.3281402587890625},"visible_rect":{"max":{"x":1037.310546875,"y":578.17742919921875},"min":{"x":82.6349334716796875,"y":50.5256500244140625}},"zoom":1.55026483535766602}}