{"nodes":{"node:1":{"location":{"x":358,"y":88}}},"selection":null,"view":{"scroll":{"x":167.344772338867188,"y":37.7659797668457031},"visible_rect":{"max":{"x":1607.3951416015625,"y":752.3863525390625},"min":{"x":153.590087890625,"y":34.6618537902832031}},"zoom":1.0895545482635498}}