{"nodes":{"node:1":{"location":{"x":40,"y":-24}},"node:4":{"location":{"x":344,"y":-36}}},"selection":["node:1"],"view":{"scroll":{"x":-43.1416511535644531,"y":-46.6669044494628906},"visible_rect":{"max":{"x":918.50811767578125,"y":434.307037353515625},"min":{"x":-61.1645393371582031,"y":-66.162506103515625}},"zoom":0.705337643623352051}}