{"nodes":{"node:1":{"location":{"x":40,"y":-24}}},"selection":["node:1"],"view":{"scroll":{"x":-238.995651245117188,"y":-217.688629150390625},"visible_rect":{"max":{"x":1749.49462890625,"y":904.416015625},"min":{"x":-310.87005615234375,"y":-283.1552734375}},"zoom":0.768795967102050781}}