{"nodes":{"node:1":{"location":{"x":-8,"y":-2145}}},"selection":["node:1"],"view":{"scroll":{"x":-241.153457641601562,"y":-1625.9375},"visible_rect":{"max":{"x":1797.3857421875,"y":-1003.7833251953125},"min":{"x":-322.78131103515625,"y":-2176.300048828125}},"zoom":0.747110962867736816}}