{"nodes":{"node:1":{"location":{"x":96,"y":-56}}},"selection":null,"view":{"scroll":{"x":-218.134536743164062,"y":-133.038604736328125},"visible_rect":{"max":{"x":1105.5654296875,"y":600.119140625},"min":{"x":-191.115463256835938,"y":-116.55987548828125}},"zoom":1.14137566089630127}}