{"nodes":{"node:1":{"location":{"x":24,"y":3}}},"selection":null,"view":{"scroll":{"x":-61.8449630737304688,"y":-20.3432979583740234},"visible_rect":{"max":{"x":1776.2613525390625,"y":895.80816650390625},"min":{"x":-72.1692733764648438,"y":-23.7393779754638672}},"zoom":0.856943130493164062}}