{"nodes":{"node:1":{"location":{"x":-8,"y":-2145}},"node:10":{"location":{"x":968,"y":-2223}},"node:8":{"location":{"x":968,"y":-1775}}},"selection":["node:1"],"view":{"scroll":{"x":-219.361007690429688,"y":-1774.4541015625},"visible_rect":{"max":{"x":1650.087890625,"y":-1251.93115234375},"min":{"x":-287.128143310546875,"y":-2322.6357421875}},"zoom":0.763983011245727539}}