{"nodes":{"node:1":{"location":{"x":96,"y":-56}}},"selection":["node:1"],"view":{"scroll":{"x":-233.462860107421875,"y":-95.6466751098632812},"visible_rect":{"max":{"x":1105.5654296875,"y":561.85687255859375},"min":{"x":-191.11541748046875,"y":-78.2974853515625}},"zoom":1.2215803861618042}}