{"nodes":{"node:1":{"location":{"x":-8,"y":-2145}},"node:10":{"location":{"x":968,"y":-2223}},"node:8":{"location":{"x":968,"y":-1775}}},"selection":["node:1"],"view":{"scroll":{"x":-215.70184326171875,"y":-1949.4287109375},"visible_rect":{"max":{"x":1618.0294189453125,"y":-1269.3427734375},"min":{"x":-255.070098876953125,"y":-2305.2236328125}},"zoom":0.845657110214233398}}