{"nodes":{"node:1":{"location":{"x":-23,"y":11}},"node:10":{"location":{"x":1187,"y":0}},"node:13":{"location":{"x":0,"y":392}},"node:17":{"location":{"x":446,"y":392}},"node:21":{"location":{"x":885,"y":392}},"node:24":{"location":{"x":1320,"y":395}},"node:4":{"location":{"x":475,"y":0}},"node:7":{"location":{"x":832,"y":0}}},"selection":null,"view":{"scroll":{"x":-88.8706130981445312,"y":-110.063575744628906},"visible_rect":{"max":{"x":1832.9730224609375,"y":932.78765869140625},"min":{"x":-117.097259521484375,"y":-145.02142333984375}},"zoom":0.758947014808654785}}