{"nodes":{"node:1":{"location":{"x":-23,"y":11}},"node:10":{"location":{"x":1187,"y":0}},"node:13":{"location":{"x":0,"y":392}},"node:17":{"location":{"x":446,"y":392}},"node:21":{"location":{"x":885,"y":392}},"node:24":{"location":{"x":1320,"y":395}},"node:4":{"location":{"x":475,"y":0}},"node:7":{"location":{"x":832,"y":0}}},"selection":null,"view":{"scroll":{"x":-73.9605331420898438,"y":-47.5717086791992188},"visible_rect":{"max":{"x":1800.7025146484375,"y":842.3271484375},"min":{"x":-84.82647705078125,"y":-54.5607261657714844}},"zoom":0.871903836727142334}}