{"nodes":{"node:1":{"location":{"x":520,"y":-66}},"node:11":{"location":{"x":1058,"y":17}},"node:3":{"location":{"x":0,"y":0}},"node:5":{"location":{"x":536,"y":143}},"node:8":{"location":{"x":542,"y":481}}},"selection":["node:5"],"view":{"scroll":{"x":-55.3572616577148438,"y":-64.3589859008789062},"visible_rect":{"max":{"x":1886.3729248046875,"y":1001.57977294921875},"min":{"x":-68.3118667602539062,"y":-79.4201583862304688}},"zoom":0.81036078929901123}}