{"nodes":{"node:1":{"location":{"x":-152,"y":-170}},"node:13":{"location":{"x":664,"y":-172}},"node:5":{"location":{"x":168,"y":-177}}},"selection":null,"view":{"scroll":{"x":-272.564178466796875,"y":-174.602188110351562},"visible_rect":{"max":{"x":1582.74658203125,"y":733.05670166015625},"min":{"x":-328.95245361328125,"y":-210.724014282226562}},"zoom":0.828582346439361572}}