{"nodes":{"node:1":{"location":{"x":0,"y":0}},"node:14":{"location":{"x":762,"y":0}},"node:5":{"location":{"x":424,"y":-8}}},"selection":null,"view":{"scroll":{"x":-161.688339233398438,"y":-12.1277999877929688},"visible_rect":{"max":{"x":1642.3212890625,"y":997.4998779296875},"min":{"x":-186.699020385742188,"y":-14.0037832260131836}},"zoom":0.866037368774414062}}
