{"nodes":{"node:1":{"location":{"x":-248,"y":-11}},"node:10":{"location":{"x":0,"y":284}},"node:13":{"location":{"x":545,"y":284}},"node:17":{"location":{"x":991,"y":284}},"node:20":{"location":{"x":0,"y":747}},"node:24":{"location":{"x":440,"y":747}},"node:27":{"location":{"x":879,"y":747}},"node:4":{"location":{"x":383,"y":-3}},"node:7":{"location":{"x":857,"y":0}}},"selection":null,"view":{"scroll":{"x":-419.833740234375,"y":130.061843872070312},"visible_rect":{"max":{"x":1748.134033203125,"y":1302.442626953125},"min":{"x":-599.531005859375,"y":185.730926513671875}},"zoom":0.700270235538482666}}