{"nodes":{"node:1":{"location":{"x":264,"y":8}},"node:5":{"location":{"x":658,"y":-5}}},"selection":null,"view":{"scroll":{"x":-175.431121826171875,"y":-142.191177368164062},"visible_rect":{"max":{"x":1689.198486328125,"y":880.00579833984375},"min":{"x":-210.38232421875,"y":-170.519973754882812}},"zoom":0.833868145942687988}}