{"nodes":{"node:17":{"location":{"x":0,"y":0}},"node:19":{"location":{"x":353,"y":0}},"node:21":{"location":{"x":728,"y":11}},"node:24":{"location":{"x":1224,"y":49}},"node:27":{"location":{"x":776,"y":353}}},"selection":null,"view":{"scroll":{"x":-300.16351318359375,"y":-55.1476554870605469},"visible_rect":{"max":{"x":1945.7939453125,"y":1101.6239013671875},"min":{"x":-454.93048095703125,"y":-83.582275390625}},"zoom":0.659800827503204346}}