{"nodes":{"node:1":{"location":{"x":-376,"y":-191}},"node:12":{"location":{"x":632,"y":-191}},"node:4":{"location":{"x":56,"y":-196}}},"selection":["node:1"],"view":{"scroll":{"x":-332.697906494140625,"y":-224.100341796875},"visible_rect":{"max":{"x":1684.5032958984375,"y":871.981201171875},"min":{"x":-488.477020263671875,"y":-329.03082275390625}},"zoom":0.681092262268066406}}