{"nodes":{"node:1":{"location":{"x":-168,"y":-119}},"node:14":{"location":{"x":520,"y":-216}},"node:5":{"location":{"x":200,"y":-235}}},"selection":null,"view":{"scroll":{"x":-425.1695556640625,"y":-228.591705322265625},"visible_rect":{"max":{"x":1446.748046875,"y":599.76824951171875},"min":{"x":-530.80517578125,"y":-285.38653564453125}},"zoom":0.800989806652069092}}
