{"nodes":{"node:1":{"location":{"x":264,"y":-24}},"node:11":{"location":{"x":696,"y":331}},"node:3":{"location":{"x":248,"y":84}},"node:5":{"location":{"x":713,"y":-5}},"node:8":{"location":{"x":1080,"y":-5}}},"selection":null,"view":{"scroll":{"x":-73.4353713989257812,"y":-46.2569694519042969},"visible_rect":{"max":{"x":1554.3818359375,"y":757.08489990234375},"min":{"x":-75.5655288696289062,"y":-47.5987548828125}},"zoom":0.971810460090637207}}
