{"nodes":{"node:1":{"location":{"x":520,"y":-66}},"node:11":{"location":{"x":1058,"y":17}},"node:3":{"location":{"x":0,"y":0}},"node:5":{"location":{"x":536,"y":143}},"node:8":{"location":{"x":542,"y":481}}},"selection":["node:5"],"view":{"scroll":{"x":-74.502655029296875,"y":-71.4454574584960938},"visible_rect":{"max":{"x":1919.8275146484375,"y":1019.75006103515625},"min":{"x":-101.766288757324219,"y":-97.59033203125}},"zoom":0.732095658779144287}}