{"nodes":{"node:1":{"location":{"x":-872,"y":-144}},"node:10":{"location":{"x":-415,"y":-143}},"node:12":{"location":{"x":-185,"y":-130}},"node:15":{"location":{"x":-408,"y":47}},"node:7":{"location":{"x":39,"y":-111}}},"selection":null,"view":{"scroll":{"x":-677.0789794921875,"y":-148.177017211914062},"visible_rect":{"max":{"x":1241.0684814453125,"y":867.3497314453125},"min":{"x":-926.54302978515625,"y":-202.771591186523438}},"zoom":0.730758249759674072}}