{"nodes":{"node:1":{"location":{"x":0,"y":0}}},"selection":["node:1"],"view":{"scroll":{"x":-119.292228698730469,"y":-7.62685346603393555},"visible_rect":{"max":{"x":1622.2413330078125,"y":857.65924072265625},"min":{"x":-132.122451782226562,"y":-8.4471435546875}},"zoom":0.902891397476196289}}
