{"nodes":{"node:1":{"location":{"x":408,"y":-66}},"node:11":{"location":{"x":1058,"y":17}},"node:3":{"location":{"x":0,"y":0}},"node:5":{"location":{"x":488,"y":149}},"node:8":{"location":{"x":552,"y":526}}},"selection":["node:5"],"view":{"scroll":{"x":-55.3571395874023438,"y":-64.3589935302734375},"visible_rect":{"max":{"x":1886.373046875,"y":1001.57977294921875},"min":{"x":-68.3117218017578125,"y":-79.420166015625}},"zoom":0.810360848903656006}}