{"nodes":{"node:1":{"location":{"x":-376,"y":-191}},"node:13":{"location":{"x":703,"y":-220}},"node:5":{"location":{"x":88,"y":-212}}},"selection":["node:1"],"view":{"scroll":{"x":-341.155059814453125,"y":-186.333526611328125},"visible_rect":{"max":{"x":1648.5435791015625,"y":790.10833740234375},"min":{"x":-452.51739501953125,"y":-247.157882690429688}},"zoom":0.753904819488525391}}