{"nodes":{"node:1":{"location":{"x":77,"y":-100}}},"selection":null,"view":{"scroll":{"x":-131.84051513671875,"y":-106.850135803222656},"visible_rect":{"max":{"x":1371.45361328125,"y":637.62744140625},"min":{"x":-124.513290405273438,"y":-100.911788940429688}},"zoom":1.05884695053100586}}