{"nodes":{"node:1":{"location":{"x":79,"y":-63}}},"selection":null,"view":{"scroll":{"x":-131.840530395507812,"y":-106.85015869140625},"visible_rect":{"max":{"x":1371.45361328125,"y":637.62744140625},"min":{"x":-124.5133056640625,"y":-100.91180419921875}},"zoom":1.05884695053100586}}