{"nodes":{"node:1":{"location":{"x":79,"y":-63}}},"selection":null,"view":{"scroll":{"x":-143.59906005859375,"y":-152.293563842773438},"visible_rect":{"max":{"x":1397.05712890625,"y":695.92132568359375},"min":{"x":-150.11669921875,"y":-159.205825805664062}},"zoom":0.956582903861999512}}