{"nodes":{"node:1":{"location":{"x":0,"y":0}}},"selection":null,"view":{"scroll":{"x":-8.61148582771420479e-05,"y":-43.6717147827148438},"visible_rect":{"max":{"x":1583.9998779296875,"y":828.7406005859375},"min":{"x":-9.21661776374094188e-05,"y":-46.74053955078125}},"zoom":0.934343397617340088}}