{"nodes":{"node:1":{"location":{"x":24,"y":18}},"node:5":{"location":{"x":840,"y":-213}}},"selection":null,"view":{"scroll":{"x":-168.729705810546875,"y":-174.308868408203125},"visible_rect":{"max":{"x":1833.3587646484375,"y":969.41156005859375},"min":{"x":-269.163909912109375,"y":-278.063995361328125}},"zoom":0.626865983009338379}}