{"nodes":{"node:1":{"location":{"x":0,"y":69}},"node:10":{"location":{"x":573,"y":593}},"node:4":{"location":{"x":704,"y":78}},"node:7":{"location":{"x":8,"y":593}}},"selection":["node:1"],"view":{"scroll":{"x":-189.023666381835938,"y":29.6788177490234375},"visible_rect":{"max":{"x":1874.4970703125,"y":1090.6920166015625},"min":{"x":-254.000228881835938,"y":39.8808631896972656}},"zoom":0.744186997413635254}}