{"nodes":{"node:1":{"location":{"x":-372,"y":-309}},"node:10":{"location":{"x":1194,"y":-261}},"node:4":{"location":{"x":168,"y":-245}},"node:7":{"location":{"x":888,"y":-248}}},"selection":null,"view":{"scroll":{"x":-363.460235595703125,"y":-294.840087890625},"visible_rect":{"max":{"x":1603.90576171875,"y":640.0684814453125},"min":{"x":-432.28680419921875,"y":-350.67242431640625}},"zoom":0.840784907341003418}}