{"nodes":{"node:1":{"location":{"x":55,"y":-197}},"node:4":{"location":{"x":407,"y":-202}}},"selection":null,"view":{"scroll":{"x":11.5368728637695312,"y":-279.373992919921875},"visible_rect":{"max":{"x":913.1138916015625,"y":117.252357482910156},"min":{"x":10.8542804718017578,"y":-262.844482421875}},"zoom":1.06288695335388184}}