{"nodes":{"node:1":{"location":{"x":76,"y":-190}},"node:4":{"location":{"x":305,"y":-225}}},"selection":null,"view":{"scroll":{"x":45.0638694763183594,"y":-280.837127685546875},"visible_rect":{"max":{"x":720.513671875,"y":70.6383514404296875},"min":{"x":44.111846923828125,"y":-274.904144287109375}},"zoom":1.02158200740814209}}