{"nodes":{"node:1":{"location":{"x":-488,"y":-414}}},"selection":null,"view":{"scroll":{"x":-888.5255126953125,"y":-551.67803955078125},"visible_rect":{"max":{"x":619.27178955078125,"y":288.78619384765625},"min":{"x":-791.17034912109375,"y":-491.23101806640625}},"zoom":1.12305212020874023}}