{"nodes":{"node:1":{"location":{"x":-808,"y":-472}},"node:14":{"location":{"x":221,"y":-549}},"node:5":{"location":{"x":-264,"y":-478}}},"selection":null,"view":{"scroll":{"x":-669.04156494140625,"y":-412.866790771484375},"visible_rect":{"max":{"x":1348.9383544921875,"y":682.80499267578125},"min":{"x":-986.37908935546875,"y":-608.69635009765625}},"zoom":0.678280353546142578}}