{"nodes":{"node:1":{"location":{"x":-328,"y":-21}},"node:10":{"location":{"x":1112,"y":-47}},"node:13":{"location":{"x":-331,"y":421}},"node:17":{"location":{"x":120,"y":433}},"node:20":{"location":{"x":533,"y":433}},"node:24":{"location":{"x":917,"y":427}},"node:27":{"location":{"x":1324,"y":427}},"node:4":{"location":{"x":156,"y":-15}},"node:7":{"location":{"x":522,"y":1}}},"selection":null,"view":{"scroll":{"x":-285.944580078125,"y":-80.7593612670898438},"visible_rect":{"max":{"x":1793.3092041015625,"y":968.78863525390625},"min":{"x":-395.04248046875,"y":-111.5718994140625}},"zoom":0.723832428455352783}}