{"nodes":{"node:1":{"location":{"x":-488,"y":-414}}},"selection":["node:1"],"view":{"scroll":{"x":-469.3692626953125,"y":-389.895111083984375},"visible_rect":{"max":{"x":83.9364852905273438,"y":183.580673217773438},"min":{"x":-574.04608154296875,"y":-476.847930908203125}},"zoom":0.817650854587554932}}