{"nodes":{"node:1":{"location":{"x":24,"y":17}}},"selection":null,"view":{"scroll":{"x":-24.4919261932373047,"y":-55.762939453125},"visible_rect":{"max":{"x":1611.10986328125,"y":843.724365234375},"min":{"x":-27.1102466583251953,"y":-61.7243003845214844}},"zoom":0.90341949462890625}}