{"nodes":{"node:1":{"location":{"x":23,"y":33}}},"selection":null,"view":{"scroll":{"x":-3.70363140106201172,"y":-0.000209628909942694008},"visible_rect":{"max":{"x":1587.9840087890625,"y":782.00018310546875},"min":{"x":-3.98382568359375,"y":-0.00022548815468326211}},"zoom":0.929667055606842041}}