{"nodes":{"node:1":{"location":{"x":0,"y":0}},"node:12":{"location":{"x":983,"y":0}},"node:16":{"location":{"x":440,"y":354}},"node:22":{"location":{"x":982,"y":354}},"node:7":{"location":{"x":445,"y":0}},"node:9":{"location":{"x":714,"y":0}}},"selection":["node:16"],"view":{"scroll":{"x":-164.2286376953125,"y":-28.4859294891357422},"visible_rect":{"max":{"x":2058.97021484375,"y":1092.755615234375},"min":{"x":-238.16644287109375,"y":-41.3106536865234375}},"zoom":0.689554095268249512}}