{"nodes":{"node:1":{"location":{"x":0,"y":0}},"node:12":{"location":{"x":983,"y":0}},"node:16":{"location":{"x":440,"y":354}},"node:22":{"location":{"x":982,"y":354}},"node:7":{"location":{"x":445,"y":0}},"node:9":{"location":{"x":667,"y":-6}}},"selection":["node:16"],"view":{"scroll":{"x":-172.8590087890625,"y":-81.4976654052734375},"visible_rect":{"max":{"x":2098.28564453125,"y":1182.26904296875},"min":{"x":-277.48162841796875,"y":-130.823974609375}},"zoom":0.622956633567810059}}