{"nodes":{"node:1":{"location":{"x":55,"y":33}}},"selection":null,"view":{"scroll":{"x":-3.70340609550476074,"y":-4.64910117443650961e-05},"visible_rect":{"max":{"x":1587.9835205078125,"y":782},"min":{"x":-3.98358154296875,"y":-5.00082169310189784e-05}},"zoom":0.929667472839355469}}