{"nodes":{"node:1":{"location":{"x":232,"y":72}}},"selection":null,"view":{"scroll":{"x":92.0839996337890625,"y":71.2998428344726562},"visible_rect":{"max":{"x":1308.205322265625,"y":666.01165771484375},"min":{"x":71.8727569580078125,"y":55.65045166015625}},"zoom":1.28120863437652588}}