{"nodes":{"node:1":{"location":{"x":232,"y":72}}},"selection":null,"view":{"scroll":{"x":92.0843276977539062,"y":71.3000335693359375},"visible_rect":{"max":{"x":1308.2049560546875,"y":666.011474609375},"min":{"x":71.8729782104492188,"y":55.6505775451660156}},"zoom":1.28120923042297363}}