{"nodes":{"node:1":{"location":{"x":232,"y":72}}},"selection":null,"view":{"scroll":{"x":92.0839080810546875,"y":5.79990577697753906},"visible_rect":{"max":{"x":1308.205078125,"y":717.13519287109375},"min":{"x":71.8726806640625,"y":4.5269012451171875}},"zoom":1.28120875358581543}}