{"nodes":{"node:1":{"location":{"x":247,"y":74}}},"selection":null,"view":{"scroll":{"x":183.38787841796875,"y":28.6544399261474609},"visible_rect":{"max":{"x":1125.3660888671875,"y":634.124755859375},"min":{"x":216.69586181640625,"y":33.85882568359375}},"zoom":0.846291601657867432}}