{"nodes":{"node:1":{"location":{"x":104,"y":-72}},"node:5":{"location":{"x":840,"y":-107}}},"selection":null,"view":{"scroll":{"x":-23.5260257720947266,"y":-99.7219696044921875},"visible_rect":{"max":{"x":1667.6929931640625,"y":829.615478515625},"min":{"x":-25.1424808502197266,"y":-106.57379150390625}},"zoom":0.935708165168762207}}