{"nodes":{"node:1":{"location":{"x":104,"y":-72}},"node:5":{"location":{"x":840,"y":-107}}},"selection":null,"view":{"scroll":{"x":-113.855735778808594,"y":-127.354721069335938},"visible_rect":{"max":{"x":1742.3624267578125,"y":931.11865234375},"min":{"x":-134.937744140625,"y":-150.936264038085938}},"zoom":0.843764901161193848}}