{"nodes":{"node:1":{"location":{"x":0,"y":0}},"node:11":{"location":{"x":456,"y":193}},"node:3":{"location":{"x":0,"y":0}},"node:5":{"location":{"x":545,"y":0}},"node:8":{"location":{"x":488,"y":369}}},"selection":null,"view":{"scroll":{"x":-185.342742919921875,"y":-0.000233758968533948064},"visible_rect":{"max":{"x":1825.9677734375,"y":876.0001220703125},"min":{"x":-241.967697143554688,"y":-0.000305175810353830457}},"zoom":0.765981376171112061}}