{"nodes":{"node:1":{"location":{"x":104,"y":-72}},"node:5":{"location":{"x":840,"y":-107}}},"selection":null,"view":{"scroll":{"x":-145.8790283203125,"y":-81.5738143920898438},"visible_rect":{"max":{"x":2075.197265625,"y":1145.49560546875},"min":{"x":-226.911788940429688,"y":-126.886367797851562}},"zoom":0.642888724803924561}}