{"nodes":{"node:1":{"location":{"x":21,"y":17}}},"selection":null,"view":{"scroll":{"x":-24.4920768737792969,"y":-55.7630424499511719},"visible_rect":{"max":{"x":1611.10986328125,"y":843.72430419921875},"min":{"x":-27.1104164123535156,"y":-61.7244224548339844}},"zoom":0.903419375419616699}}