{"nodes":{"node:1":{"location":{"x":23,"y":17}}},"selection":null,"view":{"scroll":{"x":-24.4919624328613281,"y":-55.7629737854003906},"visible_rect":{"max":{"x":1611.1099853515625,"y":843.724365234375},"min":{"x":-27.11029052734375,"y":-61.7243461608886719}},"zoom":0.903419435024261475}}