{"nodes":{"node:1":{"location":{"x":72,"y":-63}}},"selection":["node:1"],"view":{"scroll":{"x":-199.683502197265625,"y":-136.287918090820312},"visible_rect":{"max":{"x":1615.317138671875,"y":860.08514404296875},"min":{"x":-251.931594848632812,"y":-171.948257446289062}},"zoom":0.792610049247741699}}