{"nodes":{"node:1":{"location":{"x":72,"y":-63}}},"selection":["node:1"],"view":{"scroll":{"x":-193.920547485351562,"y":-89.1332321166992188},"visible_rect":{"max":{"x":1584.4163818359375,"y":789.73138427734375},"min":{"x":-221.031158447265625,"y":-101.59429931640625}},"zoom":0.877344846725463867}}