{"nodes":{"node:1":{"location":{"x":72,"y":-63}}},"selection":["node:1"],"view":{"scroll":{"x":-193.920623779296875,"y":-89.133331298828125},"visible_rect":{"max":{"x":1584.4163818359375,"y":789.73138427734375},"min":{"x":-221.031265258789062,"y":-101.59442138671875}},"zoom":0.877344727516174316}}