{"nodes":{"node:1":{"location":{"x":72,"y":1}}},"selection":null,"view":{"scroll":{"x":-38.5293312072753906,"y":-1.95628964900970459},"visible_rect":{"max":{"x":1238.73876953125,"y":701.27337646484375},"min":{"x":-33.1104736328125,"y":-1.68115234375}},"zoom":1.16365993022918701}}