{"nodes":{"node:1":{"location":{"x":40,"y":88}}},"selection":null,"view":{"scroll":{"x":-40.7917861938476562,"y":44.9052047729492188},"visible_rect":{"max":{"x":1238.362060546875,"y":663.55792236328125},"min":{"x":-32.7337570190429688,"y":36.03460693359375}},"zoom":1.24616885185241699}}