{"nodes":{"node:1":{"location":{"x":72,"y":1}}},"selection":null,"view":{"scroll":{"x":-38.5293312072753906,"y":-1.95617413520812988},"visible_rect":{"max":{"x":1238.73876953125,"y":701.2734375},"min":{"x":-33.1104736328125,"y":-1.6810530424118042}},"zoom":1.16365993022918701}}