{"nodes":{"node:1":{"location":{"x":72,"y":1}}},"selection":null,"view":{"scroll":{"x":-40.7917861938476562,"y":-2.09484767913818359},"visible_rect":{"max":{"x":1238.362060546875,"y":701.27349853515625},"min":{"x":-32.7337570190429688,"y":-1.68103039264678955}},"zoom":1.24616885185241699}}