{"nodes":{"node:1":{"location":{"x":-152,"y":-200}}},"selection":["node:1"],"view":{"scroll":{"x":-526.38446044921875,"y":-267.559906005859375},"visible_rect":{"max":{"x":979.91864013671875,"y":565.62261962890625},"min":{"x":-540.90350341796875,"y":-274.93988037109375}},"zoom":0.973157882690429688}}