{"nodes":{"node:1":{"location":{"x":-152,"y":-200}}},"selection":["node:1"],"view":{"scroll":{"x":-563.37353515625,"y":-239.620880126953125},"visible_rect":{"max":{"x":979.91876220703125,"y":520.746337890625},"min":{"x":-540.90338134765625,"y":-230.063583374023438}},"zoom":1.0415419340133667}}