{"nodes":{"node:1":{"location":{"x":-152,"y":-200}},"node:3":{"location":{"x":312,"y":-191}}},"selection":["node:1"],"view":{"scroll":{"x":-563.37322998046875,"y":-239.620880126953125},"visible_rect":{"max":{"x":979.91900634765625,"y":520.746337890625},"min":{"x":-540.903076171875,"y":-230.063583374023438}},"zoom":1.0415419340133667}}