{"nodes":{"node:1":{"location":{"x":0,"y":0}}},"selection":null,"view":{"scroll":{"x":-129.257781982421875,"y":-70.30487060546875},"visible_rect":{"max":{"x":1766.181884765625,"y":864.0589599609375},"min":{"x":-156.930038452148438,"y":-85.3561477661132812}},"zoom":0.823665022850036621}}