{"nodes":{"node:1":{"location":{"x":0,"y":0}},"node:4":{"location":{"x":397,"y":0}},"node:7":{"location":{"x":677,"y":0}}},"selection":null,"view":{"scroll":{"x":-27.4437885284423828,"y":-11.7203235626220703},"visible_rect":{"max":{"x":1614.5035400390625,"y":795.02716064453125},"min":{"x":-30.5035324096679688,"y":-13.0270376205444336}},"zoom":0.899692118167877197}}