{"nodes":{"node:1":{"location":{"x":360,"y":104}}},"selection":null,"view":{"scroll":{"x":210.075042724609375,"y":74.9747467041015625},"visible_rect":{"max":{"x":1297.5,"y":619.77606201171875},"min":{"x":151.92919921875,"y":54.2227783203125}},"zoom":1.38271677494049072}}