{"nodes":{"node:1":{"location":{"x":-232,"y":-158}},"node:14":{"location":{"x":689,"y":-213}},"node:5":{"location":{"x":264,"y":-161}}},"selection":["node:1"],"view":{"scroll":{"x":-313.7694091796875,"y":-220.12548828125},"visible_rect":{"max":{"x":1304.365478515625,"y":673.49981689453125},"min":{"x":-322.201324462890625,"y":-226.040924072265625}},"zoom":0.973830223083496094}}