{"nodes":{"node:1":{"location":{"x":-232,"y":-158}},"node:14":{"location":{"x":689,"y":-213}},"node:5":{"location":{"x":264,"y":-161}}},"selection":["node:1"],"view":{"scroll":{"x":-312.2147216796875,"y":-181.574478149414062},"visible_rect":{"max":{"x":1580.2142333984375,"y":862.835205078125},"min":{"x":-387.93194580078125,"y":-225.609283447265625}},"zoom":0.804818272590637207}}