{"nodes":{"node:1":{"location":{"x":-232,"y":-158}},"node:14":{"location":{"x":689,"y":-213}},"node:5":{"location":{"x":264,"y":-161}}},"selection":["node:14"],"view":{"scroll":{"x":-306.552642822265625,"y":-177.3402099609375},"visible_rect":{"max":{"x":1613.89892578125,"y":881.13037109375},"min":{"x":-421.616668701171875,"y":-243.904556274414062}},"zoom":0.727088510990142822}}