{"nodes":{"node:1":{"location":{"x":-100,"y":-158}}},"selection":["node:1"],"view":{"scroll":{"x":-291.8636474609375,"y":-178.117599487304688},"visible_rect":{"max":{"x":1289.45849609375,"y":602.630859375},"min":{"x":-291.258758544921875,"y":-177.748458862304688}},"zoom":1.00207674503326416}}