{"nodes":{"node:1":{"location":{"x":4,"y":34}}},"selection":null,"view":{"scroll":{"x":-40.1761245727539062,"y":-20.0997238159179688},"visible_rect":{"max":{"x":1647.5740966796875,"y":813.1025390625},"min":{"x":-42.8760986328125,"y":-21.4504928588867188}},"zoom":0.937028467655181885}}