{"nodes":{"node:1":{"location":{"x":23,"y":17}},"node:4":{"location":{"x":392,"y":1}}},"selection":["node:4"],"view":{"scroll":{"x":-39.6314468383789062,"y":-17.7863349914550781},"visible_rect":{"max":{"x":1635.2606201171875,"y":809.19061279296875},"min":{"x":-41.9639091491699219,"y":-18.8331298828125}},"zoom":0.944417357444763184}}