{"nodes":{"node:1":{"location":{"x":23,"y":17}},"node:4":{"location":{"x":392,"y":1}}},"selection":["node:4"],"view":{"scroll":{"x":-60.295867919921875,"y":-71.8315582275390625},"visible_rect":{"max":{"x":1663.9661865234375,"y":874.54779052734375},"min":{"x":-70.66986083984375,"y":-84.190277099609375}},"zoom":0.853204846382141113}}