{"nodes":{"node:1":{"location":{"x":0,"y":0}},"node:14":{"location":{"x":983,"y":0}},"node:5":{"location":{"x":536,"y":0}}},"selection":null,"view":{"scroll":{"x":-76.1434783935546875,"y":-21.2182750701904297},"visible_rect":{"max":{"x":1756.2587890625,"y":995.59735107421875},"min":{"x":-88.687255859375,"y":-24.7137451171875}},"zoom":0.858561694622039795}}