{"nodes":{"node:1":{"location":{"x":20,"y":8}}},"selection":["node:1"],"view":{"scroll":{"x":-109.332374572753906,"y":-39.8578987121582031},"visible_rect":{"max":{"x":2039.05712890625,"y":1026.1771240234375},"min":{"x":-151.176406860351562,"y":-55.1124420166015625}},"zoom":0.723210513591766357}}