{"nodes":{"node:1":{"location":{"x":20,"y":8}}},"selection":["node:1"],"view":{"scroll":{"x":-109.332450866699219,"y":-39.8578872680664062},"visible_rect":{"max":{"x":2039.05712890625,"y":1026.1771240234375},"min":{"x":-151.176513671875,"y":-55.1124267578125}},"zoom":0.723210513591766357}}