{"nodes":{"node:1":{"location":{"x":0,"y":0}},"node:4":{"location":{"x":536,"y":25}}},"selection":null,"view":{"scroll":{"x":-79.6088104248046875,"y":0},"visible_rect":{"max":{"x":1569.20556640625,"y":818.00006103515625},"min":{"x":-89.2054977416992188,"y":0}},"zoom":0.892420530319213867}}