{"nodes":{"node:1":{"location":{"x":0,"y":0}}},"selection":null,"view":{"scroll":{"x":-65.980926513671875,"y":-21.4164295196533203},"visible_rect":{"max":{"x":1682.9923095703125,"y":843.24127197265625},"min":{"x":-73.1515121459960938,"y":-23.743896484375}},"zoom":0.901976227760314941}}