{"nodes":{"node:1":{"location":{"x":0,"y":0}}},"selection":null,"view":{"scroll":{"x":-36.5230636596679688,"y":-12.0278711318969727},"visible_rect":{"max":{"x":1651.4722900390625,"y":821.7166748046875},"min":{"x":-38.9775276184082031,"y":-12.8361825942993164}},"zoom":0.937028706073760986}}