{"nodes":{"node:1":{"location":{"x":0,"y":0}}},"selection":null,"view":{"scroll":{"x":-61.6490058898925781,"y":-63.6820030212402344},"visible_rect":{"max":{"x":1682.9920654296875,"y":895.0614013671875},"min":{"x":-73.151702880859375,"y":-75.56402587890625}},"zoom":0.842755556106567383}}