{"nodes":{"node:1":{"location":{"x":0,"y":0}},"node:5":{"location":{"x":545,"y":0}}},"selection":null,"view":{"scroll":{"x":-76.2739791870117188,"y":-26.4550971984863281},"visible_rect":{"max":{"x":1658.5008544921875,"y":934.50067138671875},"min":{"x":-83.9014892578125,"y":-29.1006450653076172}},"zoom":0.90908968448638916}}