{"nodes":{"node:1":{"location":{"x":0,"y":0}},"node:5":{"location":{"x":525,"y":-69}}},"selection":["node:5"],"view":{"scroll":{"x":-362.133026123046875,"y":-59.805511474609375},"visible_rect":{"max":{"x":2630.328125,"y":1784.0228271484375},"min":{"x":-852.0948486328125,"y":-140.7216796875}},"zoom":0.424991458654403687}}