{"nodes":{"node:1":{"location":{"x":0,"y":0}},"node:5":{"location":{"x":525,"y":-69}}},"selection":["node:5"],"view":{"scroll":{"x":-270.689239501953125,"y":-62.8681297302246094},"visible_rect":{"max":{"x":2233.758056640625,"y":1339.2403564453125},"min":{"x":-419.516937255859375,"y":-97.4336700439453125}},"zoom":0.645240306854248047}}