{"nodes":{"node:1":{"location":{"x":0,"y":0}},"node:5":{"location":{"x":525,"y":-69}}},"selection":["node:5"],"view":{"scroll":{"x":-270.689361572265625,"y":-62.8681602478027344},"visible_rect":{"max":{"x":2233.7578125,"y":1339.2403564453125},"min":{"x":-419.517120361328125,"y":-97.4337158203125}},"zoom":0.645240306854248047}}