{"nodes":{"node:1":{"location":{"x":0,"y":0}},"node:5":{"location":{"x":525,"y":-69}}},"selection":["node:5"],"view":{"scroll":{"x":-356.133056640625,"y":-44.8055686950683594},"visible_rect":{"max":{"x":2644.4462890625,"y":1819.31787109375},"min":{"x":-837.97705078125,"y":-105.426994323730469}},"zoom":0.424991399049758911}}