{"nodes":{"node:1":{"location":{"x":7,"y":8}},"node:10":{"location":{"x":360,"y":139}},"node:4":{"location":{"x":8,"y":315}},"node:7":{"location":{"x":7,"y":155}}},"selection":["node:4"],"view":{"scroll":{"x":-135.61810302734375,"y":-21.1993160247802734},"visible_rect":{"max":{"x":1163.2689208984375,"y":611.03759765625},"min":{"x":-108.921775817871094,"y":-17.0262451171875}},"zoom":1.24509632587432861}}