{"nodes":{"node:1":{"location":{"x":0,"y":0}},"node:4":{"location":{"x":952,"y":17}}},"selection":null,"view":{"scroll":{"x":-56.2731094360351562,"y":-7.27318906784057617},"visible_rect":{"max":{"x":1680.5003662109375,"y":852.19989013671875},"min":{"x":-61.9004478454589844,"y":-8.00051116943359375}},"zoom":0.90909045934677124}}