{"nodes":{"node:1":{"location":{"x":0,"y":0}},"node:3":{"location":{"x":568,"y":23}}},"selection":null,"view":{"scroll":{"x":-35.2739372253417969,"y":2.72223019599914551},"visible_rect":{"max":{"x":1803.861083984375,"y":913.996337890625},"min":{"x":-41.0849189758300781,"y":3.17068672180175781}},"zoom":0.858561694622039795}}