{"nodes":{"node:1":{"location":{"x":184,"y":118}}},"selection":null,"view":{"scroll":{"x":-184.609970092773438,"y":96.683074951171875},"visible_rect":{"max":{"x":1249.8553466796875,"y":673.27154541015625},"min":{"x":-207.610076904296875,"y":108.728584289550781}},"zoom":0.889214932918548584}}